title,seller,price,available_quantity,original_price
Cofre Eletrônico Digital Em Aço Teclado Senha + 2 Chaves 23x17x17 Forkis Fk-cf007 ,1121312484,129.52,500,179.9
Cofre Digital Eletrônico Grande 50cm Senha E Chave Fk-cf024 Cor Preto,789812463,573.99,100,699.99
Mini Cofre Parede Guarda Chaves Senha Airbnb Joias Dinheiro Cor Cinza,102704303,90.84,1,90.84
Cofre Digital Eletrônico Para Armas Jóias Documento 30x20x20 Cor Preto,1121312484,214.91,100,249.9
Cofre Eletrônico Digital Visor Lcd Teclado Senha Chave Preto,789812463,218.31,150,239.9
Cofre Eletrônico Grande Visor Digital Senha Para Notebook Cor Preto,1249889840,472.69,50,599.99
Cofre Eletrônico Digital Senha Ou Chave 23x17x17 Accaft Cor Preto,540901602,151.89,1,151.89
Caixa De Chave De Bloqueio Para Armazenamento De Parede Cofre S/nf,130181611,76.53,50,119.99
Cofre Digital Eletrônico Aço Senha E Chave 35x25x25cm Forkis Cor Preto,1249889840,297.5,50,319.9
Cofre Eletrônico Digital Contelux Senha Ou Chave 31x20x20,1407031960,228.96,100,228.96
Cofre Digital Eletrônico Grande 50cm Senha E Chave Fk-cf025 Cor Preto,1121312484,594.99,100,699.99
"Cofre Para Armas Pistola Portátil 1,4 Litros 1,3 Kg Segredo",275524275,108.0,100,108.0
Cofre Eletrônico Visor Digital Senha Chave Para Armas Joias Cor Preto,1121312484,239.92,50,299.9
Cofre Eletrônico Senha Ou Chave 50x35x30 Com Prateleira Cor Preto,540901602,497.46,1,699.99
Cofre Eletrônico Digital Grande 31x20x20 Aço Senha E Chave,53212238,333.28,500,333.28
"Cofre Para Pistola Pc95c 1,4 Litros 1,3 Kg Segredo - Tssaper Cor Preto",752751597,160.0,50,160.0
Porta Chaves Claviculário Cofre Armário De 48 Chaves Wester,204598908,114.61,1,114.61
 Cofres Lozano Tomada Grande Com Gaveta Interna E Fundo Falso Camuflado,1879574,309.9,1,309.9
Mini Cofre Com Segredo Guarda Chaves Preto Padrão,45419668,117.0,1,117.0
Cofre Tomada Para Embutir Médio Com Ligação Elétrica Pronta,1879574,209.9,1,209.9
Cofre Digital Abertura Eletrônica Senha Chave Para Notebook Cor Preto,1249889840,339.69,1,429.99
Mini Cofre C Segredo Guarda Chaves Cinza Padrão,359781140,78.9,250,78.9
Mini Cofre Eletrônico Digital D Aço C/ Senha E Chave Verdade Cor Preto,716806694,119.99,250,119.99
Cofre Porta Joias Metal Camuflado Formato De Livro 2 Chaves Cor Cinza,1183707047,40.35,250,40.35
Cofre Grande Porta Joias Camuflado Formato De Livro 2 Chaves Cor Cinza-escuro,392445345,64.9,1,64.9
Mini Cofre Com Segredo Para Moedas Notas Cofrinho Fercar Cor Azul-claro,469574096,19.13,1,22.9
Cofre De Parede Disfarce Relogio Anti Furto Esconderijo Cor Prateado,739024094,59.46,1,59.46
Cofre Tomada Para Embutir Grande Com Gaveta Interna,1879574,204.9,1,204.9
Cofre Digital Eletronico Automatico Puxa Engole Notas Moedas Cor Preto,53212238,141.5,1,141.5
Cofre Eletrônico Digital Senha Ou Chave 43x33x20 Cor Preto,540901602,406.99,5000,406.99
Cadeado Caixa Segredo Cofre Parede Guarda Chaves Objetos,511751532,76.84,1,76.84
Mini Cofre Porta Moedas Com Tres Segredos Em Aço Fercar Cor Preto,469574096,19.13,1,22.9
Caixa Segredo Mini Cofre Porta Guarda Chave Senha Alterável Cor Preto,751168682,147.0,1,147.0
Mini Cofre Porta Moedas Com Tres Segredos Em Aço Fercar Cor Vermelho,469574096,19.13,1,22.9
Mini Cofre Porta Moedas Com Tres Segredos Em Aço Fercar Cor Cinza,469574096,19.13,1,22.9
Cofre Pci Eletro 17ci Com Abertura Digital Eletrônica Cor Preto/cinza,189206097,169.9,1,169.9
Cofre Caixa Porta Valor E Jóias Com Fundo Falso Removível Cor Preto,326768016,182.0,250,182.0
Cofre Porta Chaves Residencial Com Código Programável,1506082554,78.98,1,78.98
Cofre Parede Guarda Chaves Senha Airbnb Dinheiro Cor Preto,1335125693,60.97,1,67.0
Cofre Yale Standard Compact Yale,1078776842,959.9,1,959.9
Cofre Digital Klatter -17cm X 23cm X 17cm Preto,716806694,129.99,250,129.99
Cofre Pci Eletro 20en Com Abertura Eletrônica Cor Preto/cinza,189206097,447.0,1,447.0
Animo Shop Mini Cofre Guarda Chaves De Parede Com Segredo,359781140,137.9,1,137.9
Cofre Yale Value Laptop Ylv/200/db1 Cor Preto,141998753,910.0,1,1000.0
Cofre Tomada P/ Embutir Tamanho Grande Com Ligação Elétrica,1879574,279.9,1,279.9
Mini Cofre Verde 10x8x12cm Com Segredo Fercar,469574096,19.13,1,22.9
"Cofre P/ Chaves, Joias, Dinheiro Em Preto Pado 58022092",1422363364,237.0,1,237.0
Cofre Biométrico Safewell C/ Entrada Bateria 9v - Mod E9009e,255026007,2013.9,1,2119.9
Cofre Eletrônico Digital Teclado Senha Chave 30x20x20 Preto,1121312484,199.92,500,249.9
 Cofres Lozano Tomada Pequeno Com Gaveta Interna Camuflado,1879574,194.9,1,194.9
